date,voltage,current,power
Mar/10/2014 00:00:01,228.45,58.469,10.135
Mar/10/2014 00:00:01,234.96,49.223,8.2163
Mar/10/2014 00:00:01,235.89,66.299,11.6936
Mar/10/2014 00:00:02,228.45,58.798,10.2976
Mar/10/2014 00:00:02,234.96,48.651,8.002
Mar/10/2014 00:00:02,235.89,66.193,11.5887
Mar/10/2014 00:00:03,228.51,58.798,10.2231
Mar/10/2014 00:00:03,235.11,48.651,8.0987
Mar/10/2014 00:00:03,236.05,66.193,11.6559
Mar/10/2014 00:00:04,228.51,58.798,10.241
Mar/10/2014 00:00:04,235.11,48.651,7.946
Mar/10/2014 00:00:04,236.05,66.193,11.6034
Mar/10/2014 00:00:05,228.51,58.798,10.2387
Mar/10/2014 00:00:05,235.11,48.651,8.0776
Mar/10/2014 00:00:05,236.05,66.193,11.48
Mar/10/2014 00:00:06,228.51,58.723,10.2574
Mar/10/2014 00:00:06,235.11,49.006,7.9536
Mar/10/2014 00:00:06,236.05,66.06,11.3346
Mar/10/2014 00:00:07,228.15,58.723,10.2761
Mar/10/2014 00:00:07,235.02,49.006,8.047
Mar/10/2014 00:00:07,235.91,66.06,11.3867
Mar/10/2014 00:00:07,228.15,58.723,10.2035
Mar/10/2014 00:00:07,235.02,49.006,7.9368
Mar/10/2014 00:00:07,235.91,66.06,11.61
Mar/10/2014 00:00:08,228.15,58.864,10.279
Mar/10/2014 00:00:08,235.02,48.796,7.9833
Mar/10/2014 00:00:08,235.91,65.899,11.6067
Mar/10/2014 00:00:09,228.15,58.864,10.236
Mar/10/2014 00:00:09,235.02,48.796,7.9645
Mar/10/2014 00:00:09,235.96,65.899,11.7673
Mar/10/2014 00:00:10,228.15,58.864,10.2248
Mar/10/2014 00:00:10,235.02,48.796,7.9034
Mar/10/2014 00:00:10,235.96,65.899,11.67
Mar/10/2014 00:00:11,228.15,58.609,10.2634
Mar/10/2014 00:00:11,235.02,48.852,7.9774
Mar/10/2014 00:00:11,235.96,65.697,11.6873
Mar/10/2014 00:00:12,228.26,58.609,10.1918
Mar/10/2014 00:00:12,234.95,48.852,7.9931
Mar/10/2014 00:00:12,235.91,65.697,11.5863
Mar/10/2014 00:00:13,228.26,58.609,10.2068
Mar/10/2014 00:00:13,234.95,48.852,7.8777
Mar/10/2014 00:00:13,235.91,65.697,11.7163
Mar/10/2014 00:00:14,228.26,58.609,10.2352
Mar/10/2014 00:00:14,234.95,48.852,7.776
Mar/10/2014 00:00:14,235.91,65.697,11.552
Mar/10/2014 00:00:15,228.36,58.489,10.3065
Mar/10/2014 00:00:15,234.98,48.552,7.8739
Mar/10/2014 00:00:15,235.78,65.582,11.4465
Mar/10/2014 00:00:16,228.36,58.489,10.1066
Mar/10/2014 00:00:16,234.98,48.552,7.9361
Mar/10/2014 00:00:16,235.78,65.582,11.4114
Mar/10/2014 00:00:16,228.36,58.489,10.1639
Mar/10/2014 00:00:16,234.98,48.552,7.8679
Mar/10/2014 00:00:16,235.78,65.582,11.7017
Mar/10/2014 00:00:17,228.36,58.258,10.1836
Mar/10/2014 00:00:17,234.98,48.542,7.8452
Mar/10/2014 00:00:17,235.78,65.694,11.7578
Mar/10/2014 00:00:18,228.24,58.258,10.2162
Mar/10/2014 00:00:18,234.88,48.542,7.8868
Mar/10/2014 00:00:18,235.89,65.694,11.776
Mar/10/2014 00:00:19,228.24,58.258,10.0691
Mar/10/2014 00:00:19,234.88,48.542,7.8899
Mar/10/2014 00:00:19,235.89,65.694,11.6892
Mar/10/2014 00:00:20,228.24,58.024,10.1839
Mar/10/2014 00:00:20,234.88,48.562,7.8386
Mar/10/2014 00:00:20,235.89,66.039,11.6038
Mar/10/2014 00:00:21,228.09,58.024,10.0658
Mar/10/2014 00:00:21,234.89,48.562,7.9086
Mar/10/2014 00:00:21,235.96,66.039,11.7624
Mar/10/2014 00:00:22,228.09,58.024,10.1009
Mar/10/2014 00:00:22,234.89,48.562,7.8479
Mar/10/2014 00:00:22,235.96,66.039,11.6919
Mar/10/2014 00:00:23,228.09,58.024,10.0509
Mar/10/2014 00:00:23,234.89,48.562,8.0079
Mar/10/2014 00:00:23,235.96,65.87,11.4366
Mar/10/2014 00:00:24,228.18,57.872,10.1424
Mar/10/2014 00:00:24,235.05,48.152,7.8856
Mar/10/2014 00:00:24,235.66,65.87,11.3367
Mar/10/2014 00:00:25,228.18,57.872,10.0888
Mar/10/2014 00:00:25,235.05,48.152,8.0052
Mar/10/2014 00:00:25,235.66,65.87,11.4384
Mar/10/2014 00:00:25,228.18,57.872,10.0952
Mar/10/2014 00:00:25,235.05,48.152,7.8694
Mar/10/2014 00:00:25,235.66,65.87,11.459
Mar/10/2014 00:00:26,228.18,58.416,10.2504
Mar/10/2014 00:00:26,235.05,48.164,8.0422
Mar/10/2014 00:00:26,235.66,66.063,11.646
Mar/10/2014 00:00:27,228.38,58.416,10.0882
Mar/10/2014 00:00:27,235.16,48.164,7.9919
Mar/10/2014 00:00:27,235.84,66.063,11.6184
Mar/10/2014 00:00:28,228.38,58.416,10.1031
Mar/10/2014 00:00:28,235.16,48.164,7.9781
Mar/10/2014 00:00:28,235.84,66.063,11.6396
Mar/10/2014 00:00:29,228.38,58.248,10.0917
Mar/10/2014 00:00:29,235.16,47.991,7.9415
Mar/10/2014 00:00:29,235.84,65.893,11.7207
Mar/10/2014 00:00:30,228.35,58.248,10.0903
Mar/10/2014 00:00:30,235.14,47.991,8.0381
Mar/10/2014 00:00:30,235.66,65.893,11.5819
Mar/10/2014 00:00:31,228.35,58.248,10.1269
Mar/10/2014 00:00:31,235.14,47.991,8.0655
Mar/10/2014 00:00:31,235.66,65.893,11.5658
Mar/10/2014 00:00:32,228.35,58.248,10.096
Mar/10/2014 00:00:32,235.14,47.991,8.0545
Mar/10/2014 00:00:32,235.66,65.504,11.3013
Mar/10/2014 00:00:33,228.49,58.528,10.0851
Mar/10/2014 00:00:33,235.36,47.76,8.0287
Mar/10/2014 00:00:33,235.8,65.504,11.3757
Mar/10/2014 00:00:34,228.49,58.528,10.1313
Mar/10/2014 00:00:34,235.36,47.76,7.9535
Mar/10/2014 00:00:34,235.8,65.504,11.1594
Mar/10/2014 00:00:34,228.49,58.528,10.1105
Mar/10/2014 00:00:34,235.36,47.76,8.1369
Mar/10/2014 00:00:34,235.8,65.504,11.2094
Mar/10/2014 00:00:35,228.49,58.545,10.045
Mar/10/2014 00:00:35,235.36,48.162,7.9644
Mar/10/2014 00:00:35,235.8,65.412,11.4521
Mar/10/2014 00:00:36,228.61,58.545,10.1684
Mar/10/2014 00:00:36,235.11,48.162,7.9939
Mar/10/2014 00:00:36,236.0,65.412,11.6071
Mar/10/2014 00:00:37,228.61,58.545,10.0942
Mar/10/2014 00:00:37,235.11,48.162,8.0128
Mar/10/2014 00:00:37,236.0,65.412,11.4202
Mar/10/2014 00:00:38,228.61,58.588,10.1631
Mar/10/2014 00:00:38,235.11,48.369,8.0291
Mar/10/2014 00:00:38,236.0,65.327,11.4603
Mar/10/2014 00:00:39,228.61,58.588,10.0508
Mar/10/2014 00:00:39,234.93,48.369,8.0461
Mar/10/2014 00:00:39,235.78,65.327,11.5655
Mar/10/2014 00:00:40,228.61,58.588,10.2173
Mar/10/2014 00:00:40,234.93,48.369,7.9893
Mar/10/2014 00:00:40,235.78,65.327,11.3723
Mar/10/2014 00:00:41,228.61,58.588,10.1485
Mar/10/2014 00:00:41,234.93,48.369,8.06
Mar/10/2014 00:00:41,235.78,65.026,11.3527
Mar/10/2014 00:00:42,228.51,58.422,10.2601
Mar/10/2014 00:00:42,234.75,48.353,7.953
Mar/10/2014 00:00:42,235.8,65.026,11.1602
Mar/10/2014 00:00:43,228.51,58.422,10.1925
Mar/10/2014 00:00:43,234.75,48.353,7.995
Mar/10/2014 00:00:43,235.8,65.026,11.1904
Mar/10/2014 00:00:43,228.51,58.422,10.2286
Mar/10/2014 00:00:43,234.75,48.353,7.9274
Mar/10/2014 00:00:43,235.8,65.026,11.162
Mar/10/2014 00:00:44,228.51,58.393,10.1046
Mar/10/2014 00:00:44,234.75,48.517,8.0144
Mar/10/2014 00:00:44,235.52,65.145,11.3408
Mar/10/2014 00:00:45,228.0,58.393,10.2059
Mar/10/2014 00:00:45,234.86,48.517,7.9147
Mar/10/2014 00:00:45,235.52,65.145,11.4129
Mar/10/2014 00:00:46,228.0,58.393,10.218
Mar/10/2014 00:00:46,234.86,48.517,8.0202
Mar/10/2014 00:00:46,235.52,65.145,11.3592
Mar/10/2014 00:00:47,228.0,58.082,10.0248
Mar/10/2014 00:00:47,234.86,48.529,7.8343
Mar/10/2014 00:00:47,235.52,65.288,11.4925
Mar/10/2014 00:00:48,227.9,58.082,10.2256
Mar/10/2014 00:00:48,234.63,48.529,7.9197
Mar/10/2014 00:00:48,235.82,65.288,11.4611
Mar/10/2014 00:00:49,227.9,58.082,10.2054
Mar/10/2014 00:00:49,234.63,48.529,7.9645
Mar/10/2014 00:00:49,235.82,65.288,11.2492
Mar/10/2014 00:00:50,227.9,58.082,10.1946
Mar/10/2014 00:00:50,234.63,48.529,7.972
Mar/10/2014 00:00:50,235.82,65.811,11.1754
Mar/10/2014 00:00:51,228.04,58.146,10.1047
Mar/10/2014 00:00:51,234.64,48.4,7.818
Mar/10/2014 00:00:51,235.38,65.811,11.1837
Mar/10/2014 00:00:52,228.04,58.146,10.2676
Mar/10/2014 00:00:52,234.64,48.4,7.9079
Mar/10/2014 00:00:52,235.38,65.811,11.1491
Mar/10/2014 00:00:52,228.04,58.146,10.1867
Mar/10/2014 00:00:52,234.64,48.4,8.0181
Mar/10/2014 00:00:52,235.38,65.811,11.3933
Mar/10/2014 00:00:53,228.04,57.891,10.1674
Mar/10/2014 00:00:53,234.64,48.456,7.9872
Mar/10/2014 00:00:53,235.38,65.956,11.4119
Mar/10/2014 00:00:54,228.27,57.891,10.1964
Mar/10/2014 00:00:54,234.79,48.456,8.5023
Mar/10/2014 00:00:54,235.38,65.956,11.6142
Mar/10/2014 00:00:55,228.27,57.891,10.2842
Mar/10/2014 00:00:55,234.79,48.456,8.3822
Mar/10/2014 00:00:55,235.38,65.956,11.5476
Mar/10/2014 00:00:56,228.27,57.908,10.2582
Mar/10/2014 00:00:56,234.79,50.037,8.5221
Mar/10/2014 00:00:56,235.38,66.424,11.6728
Mar/10/2014 00:00:57,228.24,57.908,10.1882
Mar/10/2014 00:00:57,234.88,50.037,8.415
Mar/10/2014 00:00:57,235.57,66.424,11.5917
Mar/10/2014 00:00:58,228.24,57.908,10.2808
Mar/10/2014 00:00:58,234.88,50.037,8.4546
Mar/10/2014 00:00:58,235.57,66.424,11.446
Mar/10/2014 00:00:59,228.24,57.908,10.1781
Mar/10/2014 00:00:59,234.88,49.652,8.435
Mar/10/2014 00:00:59,235.57,66.914,11.3381
Mar/10/2014 00:01:00,228.08,57.971,10.2204
Mar/10/2014 00:01:00,234.8,49.652,8.4723
Mar/10/2014 00:01:00,235.38,66.914,11.3225
Mar/10/2014 00:01:01,228.08,57.971,10.1332
Mar/10/2014 00:01:01,234.8,49.652,8.3916
Mar/10/2014 00:01:01,235.38,66.914,11.3761
Mar/10/2014 00:01:01,228.08,57.971,10.1934
Mar/10/2014 00:01:01,234.8,49.652,8.4136
Mar/10/2014 00:01:01,235.38,66.914,11.259
Mar/10/2014 00:01:02,228.08,58.342,10.0525
Mar/10/2014 00:01:02,234.8,49.626,8.4092
Mar/10/2014 00:01:02,235.75,66.828,11.6755
Mar/10/2014 00:01:03,228.15,58.342,10.1637
Mar/10/2014 00:01:03,234.72,49.626,8.3725
Mar/10/2014 00:01:03,235.75,66.828,11.6885
Mar/10/2014 00:01:04,228.15,58.342,10.0791
Mar/10/2014 00:01:04,234.72,49.626,8.4373
Mar/10/2014 00:01:04,235.75,66.828,11.6901
Mar/10/2014 00:01:05,228.15,58.342,10.1734
Mar/10/2014 00:01:05,234.72,49.977,8.452
Mar/10/2014 00:01:05,235.75,65.459,11.5492
Mar/10/2014 00:01:06,228.02,58.363,10.1498
Mar/10/2014 00:01:06,234.68,49.977,8.4447
Mar/10/2014 00:01:06,235.47,65.459,11.818
Mar/10/2014 00:01:07,228.02,58.363,10.1384
Mar/10/2014 00:01:07,234.68,49.977,8.3837
Mar/10/2014 00:01:07,235.47,65.459,11.7144
Mar/10/2014 00:01:08,228.02,58.363,10.2799
Mar/10/2014 00:01:08,234.68,49.656,8.6042
Mar/10/2014 00:01:08,235.47,66.727,11.4194
Mar/10/2014 00:01:09,228.06,58.385,10.0301
Mar/10/2014 00:01:09,234.89,49.656,8.4609
Mar/10/2014 00:01:09,235.82,66.727,11.4722
Mar/10/2014 00:01:10,228.06,58.385,10.1649
Mar/10/2014 00:01:10,234.89,49.656,8.6122
Mar/10/2014 00:01:10,235.82,66.727,11.4034
Mar/10/2014 00:01:10,228.06,58.385,9.9817
Mar/10/2014 00:01:10,234.89,49.656,8.5301
Mar/10/2014 00:01:10,235.82,66.727,11.4186
Mar/10/2014 00:01:11,228.06,58.438,10.0695
Mar/10/2014 00:01:11,234.89,50.081,8.5471
Mar/10/2014 00:01:11,235.54,67.017,11.7333
Mar/10/2014 00:01:12,227.88,58.438,10.0637
Mar/10/2014 00:01:12,234.79,50.081,8.4833
Mar/10/2014 00:01:12,235.54,67.017,11.7633
Mar/10/2014 00:01:13,227.88,58.438,10.0878
Mar/10/2014 00:01:13,234.79,50.081,8.4406
Mar/10/2014 00:01:13,235.54,67.017,11.6708
Mar/10/2014 00:01:14,227.88,58.293,9.9662
Mar/10/2014 00:01:14,234.79,50.135,8.5253
Mar/10/2014 00:01:14,235.54,66.598,11.762
Mar/10/2014 00:01:15,227.7,58.293,10.076
Mar/10/2014 00:01:15,234.82,50.135,8.4505
Mar/10/2014 00:01:15,235.64,66.598,11.6421
Mar/10/2014 00:01:16,227.7,58.293,10.0436
Mar/10/2014 00:01:16,234.82,50.135,8.6031
Mar/10/2014 00:01:16,235.64,66.598,11.6184
Mar/10/2014 00:01:17,227.7,58.293,10.0518
Mar/10/2014 00:01:17,234.82,50.284,8.4687
Mar/10/2014 00:01:17,235.64,66.726,11.3449
Mar/10/2014 00:01:18,228.2,58.121,10.0045
Mar/10/2014 00:01:18,234.98,50.284,8.54
Mar/10/2014 00:01:18,235.87,66.726,11.4433
Mar/10/2014 00:01:19,228.2,58.121,10.0271
Mar/10/2014 00:01:19,234.98,50.284,8.5128
Mar/10/2014 00:01:19,235.87,66.726,11.4236
Mar/10/2014 00:01:19,228.2,58.121,10.1067
Mar/10/2014 00:01:19,234.98,50.284,8.5947
Mar/10/2014 00:01:19,235.87,66.726,11.4701
Mar/10/2014 00:01:20,228.2,57.906,10.0087
Mar/10/2014 00:01:20,234.91,50.202,8.5222
Mar/10/2014 00:01:20,235.43,66.521,11.6116
Mar/10/2014 00:01:21,227.97,57.906,10.0433
Mar/10/2014 00:01:21,234.91,50.202,8.6109
Mar/10/2014 00:01:21,235.43,66.521,11.5328
Mar/10/2014 00:01:22,227.97,57.906,9.9907
Mar/10/2014 00:01:22,234.91,50.202,8.5858
Mar/10/2014 00:01:22,235.43,66.521,11.5995
Mar/10/2014 00:01:23,227.97,57.595,10.1827
Mar/10/2014 00:01:23,234.91,49.861,8.541
Mar/10/2014 00:01:23,235.43,66.751,11.5234
Mar/10/2014 00:01:24,228.02,57.595,10.0668
Mar/10/2014 00:01:24,235.04,49.861,8.5552
Mar/10/2014 00:01:24,235.75,66.751,11.5717
Mar/10/2014 00:01:25,228.02,57.595,10.1111
Mar/10/2014 00:01:25,235.04,49.861,8.5962
Mar/10/2014 00:01:25,235.75,66.751,11.4447
Mar/10/2014 00:01:26,228.02,57.735,10.0231
Mar/10/2014 00:01:26,235.04,50.034,8.5358
Mar/10/2014 00:01:26,235.75,66.698,11.4273
Mar/10/2014 00:01:27,228.06,57.735,10.0965
Mar/10/2014 00:01:27,234.79,50.034,8.6394
Mar/10/2014 00:01:27,235.73,66.698,11.1574
Mar/10/2014 00:01:28,228.06,57.735,10.0826
Mar/10/2014 00:01:28,234.79,50.034,8.5221
Mar/10/2014 00:01:28,235.73,66.698,11.2818
Mar/10/2014 00:01:28,228.06,57.735,9.9531
Mar/10/2014 00:01:28,234.79,50.034,8.423
Mar/10/2014 00:01:28,235.73,66.698,11.4239
Mar/10/2014 00:01:29,228.06,57.488,10.1116
Mar/10/2014 00:01:29,234.95,49.628,8.6177
Mar/10/2014 00:01:29,235.68,66.805,11.5468
Mar/10/2014 00:01:30,228.17,57.488,10.0736
Mar/10/2014 00:01:30,234.95,49.628,8.5324
Mar/10/2014 00:01:30,235.68,66.805,11.4739
Mar/10/2014 00:01:31,228.17,57.488,10.1632
Mar/10/2014 00:01:31,234.95,49.628,8.5927
Mar/10/2014 00:01:31,235.68,66.805,11.5162
Mar/10/2014 00:01:32,228.17,57.671,10.029
Mar/10/2014 00:01:32,234.95,49.687,8.5847
Mar/10/2014 00:01:32,235.68,66.994,11.4375
Mar/10/2014 00:01:33,228.15,57.671,10.1887
Mar/10/2014 00:01:33,234.91,49.687,8.5503
Mar/10/2014 00:01:33,236.0,66.994,11.4971
Mar/10/2014 00:01:34,228.15,57.671,10.0748
Mar/10/2014 00:01:34,234.91,49.687,8.6407
Mar/10/2014 00:01:34,236.0,66.994,11.3027
Mar/10/2014 00:01:35,228.15,58.145,10.1444
Mar/10/2014 00:01:35,234.91,49.784,8.5613
Mar/10/2014 00:01:35,236.0,66.921,11.2197
Mar/10/2014 00:01:36,228.27,58.145,10.1021
Mar/10/2014 00:01:36,235.0,49.784,8.5855
Mar/10/2014 00:01:36,235.52,66.921,11.2213
Mar/10/2014 00:01:37,228.27,58.145,10.229
Mar/10/2014 00:01:37,235.0,49.784,8.4917
Mar/10/2014 00:01:37,235.52,66.921,11.1715
Mar/10/2014 00:01:37,228.27,58.145,10.1702
Mar/10/2014 00:01:37,235.0,49.784,8.6057
Mar/10/2014 00:01:37,235.52,66.921,11.5227
Mar/10/2014 00:01:38,228.27,58.383,9.0288
Mar/10/2014 00:01:38,235.2,49.743,8.4626
Mar/10/2014 00:01:38,235.98,67.037,11.4765
Mar/10/2014 00:01:39,228.56,58.383,8.9983
Mar/10/2014 00:01:39,235.2,49.743,8.5358
Mar/10/2014 00:01:39,235.98,67.037,11.5147
Mar/10/2014 00:01:40,228.56,58.383,9.0361
Mar/10/2014 00:01:40,235.2,49.743,8.5066
Mar/10/2014 00:01:40,235.98,67.037,11.5043
Mar/10/2014 00:01:41,228.56,51.138,9.0554
Mar/10/2014 00:01:41,235.2,50.085,8.5074
Mar/10/2014 00:01:41,235.98,66.964,11.4518
Mar/10/2014 00:01:42,228.56,51.138,8.9584
Mar/10/2014 00:01:42,235.21,50.085,8.4802
Mar/10/2014 00:01:42,235.86,66.964,11.4517
Mar/10/2014 00:01:43,228.56,51.138,8.9542
Mar/10/2014 00:01:43,235.21,50.085,8.5015
Mar/10/2014 00:01:43,235.86,66.964,11.5052
Mar/10/2014 00:01:44,228.56,50.991,9.0107
Mar/10/2014 00:01:44,235.21,49.936,8.3722
Mar/10/2014 00:01:44,235.86,66.436,11.3301
Mar/10/2014 00:01:45,228.44,50.991,9.052
Mar/10/2014 00:01:45,235.0,49.936,8.5839
Mar/10/2014 00:01:45,236.02,66.436,11.1992
Mar/10/2014 00:01:46,228.44,50.991,8.9166
Mar/10/2014 00:01:46,235.0,49.936,8.47
Mar/10/2014 00:01:46,236.02,66.436,11.2311
Mar/10/2014 00:01:46,228.44,50.991,8.9735
Mar/10/2014 00:01:46,235.0,49.936,8.4367
Mar/10/2014 00:01:46,236.02,66.436,11.185
Mar/10/2014 00:01:47,228.38,50.818,8.9367
Mar/10/2014 00:01:47,235.18,50.477,8.3543
Mar/10/2014 00:01:47,236.1,66.188,11.6538
Mar/10/2014 00:01:48,228.38,50.818,8.9817
Mar/10/2014 00:01:48,235.18,50.477,8.4096
Mar/10/2014 00:01:48,236.1,66.188,11.5452
Mar/10/2014 00:01:49,228.38,50.818,9.0292
Mar/10/2014 00:01:49,235.18,50.477,8.5474
Mar/10/2014 00:01:49,236.1,66.188,11.6503
Mar/10/2014 00:01:50,228.38,50.63,8.9991
Mar/10/2014 00:01:50,235.18,50.49,8.3735
Mar/10/2014 00:01:50,236.1,66.43,11.5766
Mar/10/2014 00:01:51,228.24,50.63,9.0315
Mar/10/2014 00:01:51,234.82,50.49,8.5824
Mar/10/2014 00:01:51,235.87,66.43,11.622
Mar/10/2014 00:01:52,228.24,50.63,8.8548
Mar/10/2014 00:01:52,234.82,50.49,8.4788
Mar/10/2014 00:01:52,235.87,66.43,11.6087
Mar/10/2014 00:01:53,228.24,50.354,8.9767
Mar/10/2014 00:01:53,234.82,50.367,8.4336
Mar/10/2014 00:01:53,235.87,66.6,11.3682
Mar/10/2014 00:01:54,228.2,50.354,8.9394
Mar/10/2014 00:01:54,234.96,50.367,8.5143
Mar/10/2014 00:01:54,235.94,66.6,11.3229
Mar/10/2014 00:01:55,228.2,50.354,8.9984
Mar/10/2014 00:01:55,234.96,50.367,8.4043
Mar/10/2014 00:01:55,235.94,66.6,11.3113
Mar/10/2014 00:01:55,228.2,50.354,8.8631
Mar/10/2014 00:01:55,234.96,50.367,8.4063
Mar/10/2014 00:01:55,235.94,66.6,11.4044
Mar/10/2014 00:01:56,227.97,50.403,8.9324
Mar/10/2014 00:01:56,234.88,50.065,8.3069
Mar/10/2014 00:01:56,235.55,66.693,11.6334
Mar/10/2014 00:01:57,227.97,50.403,8.8494
Mar/10/2014 00:01:57,234.88,50.065,8.4396
Mar/10/2014 00:01:57,235.55,66.693,11.6064
Mar/10/2014 00:01:58,227.97,50.403,8.9444
Mar/10/2014 00:01:58,234.88,50.065,8.3955
Mar/10/2014 00:01:58,235.55,66.693,11.5648
Mar/10/2014 00:01:59,227.97,50.339,8.8299
Mar/10/2014 00:01:59,234.88,49.578,8.4438
Mar/10/2014 00:01:59,235.55,66.761,11.674
Mar/10/2014 00:02:00,228.52,50.339,8.9145
Mar/10/2014 00:02:00,234.77,49.578,8.3401
Mar/10/2014 00:02:00,235.61,66.761,11.5669
Mar/10/2014 00:02:01,228.52,50.339,8.914
Mar/10/2014 00:02:01,234.77,49.578,8.4756
Mar/10/2014 00:02:01,235.61,66.761,11.5008
Mar/10/2014 00:02:02,228.52,50.635,8.8868
Mar/10/2014 00:02:02,234.77,49.696,8.4063
Mar/10/2014 00:02:02,235.61,67.329,11.4216
Mar/10/2014 00:02:03,228.47,50.635,8.8594
Mar/10/2014 00:02:03,235.18,49.696,8.5236
Mar/10/2014 00:02:03,235.98,67.329,11.363
Mar/10/2014 00:02:04,228.47,50.635,8.8537
Mar/10/2014 00:02:04,235.18,49.696,8.4025
Mar/10/2014 00:02:04,235.98,67.329,11.3795
Mar/10/2014 00:02:04,228.47,50.635,8.9604
Mar/10/2014 00:02:04,235.18,49.696,8.5685
Mar/10/2014 00:02:04,235.98,66.92,11.2679
Mar/10/2014 00:02:05,228.47,50.91,8.8664
Mar/10/2014 00:02:05,235.18,49.542,8.4467
Mar/10/2014 00:02:05,235.48,66.92,11.5129
Mar/10/2014 00:02:06,229.1,50.91,8.9765
Mar/10/2014 00:02:06,235.0,49.542,8.45
Mar/10/2014 00:02:06,235.48,66.92,11.5873
Mar/10/2014 00:02:07,229.1,50.91,8.8522
Mar/10/2014 00:02:07,235.0,49.542,8.5899
Mar/10/2014 00:02:07,235.48,66.92,11.6314
Mar/10/2014 00:02:08,229.1,51.079,8.9284
Mar/10/2014 00:02:08,235.0,49.878,8.9393
Mar/10/2014 00:02:08,235.48,66.783,11.4452
Mar/10/2014 00:02:09,228.47,51.079,8.8359
Mar/10/2014 00:02:09,235.05,49.878,8.9548
Mar/10/2014 00:02:09,235.73,66.783,11.5403
Mar/10/2014 00:02:10,228.47,51.079,8.7988
Mar/10/2014 00:02:10,235.05,49.878,8.7166
Mar/10/2014 00:02:10,235.73,66.783,11.3618
Mar/10/2014 00:02:11,228.47,50.925,8.9918
Mar/10/2014 00:02:11,235.05,52.386,8.888
Mar/10/2014 00:02:11,235.73,66.573,11.3054
Mar/10/2014 00:02:12,228.44,50.925,8.9003
Mar/10/2014 00:02:12,234.89,52.386,10.0593
Mar/10/2014 00:02:12,235.7,66.573,11.2851
Mar/10/2014 00:02:13,228.44,50.925,8.9787
Mar/10/2014 00:02:13,234.89,52.386,10.0572
Mar/10/2014 00:02:13,235.7,66.573,11.2019
Mar/10/2014 00:02:13,228.44,50.925,8.9425
Mar/10/2014 00:02:13,234.89,52.386,10.07
Mar/10/2014 00:02:13,235.7,66.541,11.4269
Mar/10/2014 00:02:14,228.65,51.188,9.009
Mar/10/2014 00:02:14,234.61,61.067,10.0319
Mar/10/2014 00:02:14,236.21,66.541,11.5247
Mar/10/2014 00:02:15,228.65,51.188,8.9437
Mar/10/2014 00:02:15,234.61,61.067,10.0446
Mar/10/2014 00:02:15,236.21,66.541,11.5928
Mar/10/2014 00:02:16,228.65,51.188,9.0193
Mar/10/2014 00:02:16,234.61,61.067,10.0183
Mar/10/2014 00:02:16,236.21,66.541,11.4431
Mar/10/2014 00:02:17,228.65,50.829,8.9624
Mar/10/2014 00:02:17,234.61,60.79,9.9769
Mar/10/2014 00:02:17,236.21,66.208,11.578
Mar/10/2014 00:02:18,227.68,50.829,8.9942
Mar/10/2014 00:02:18,236.64,60.79,9.4024
Mar/10/2014 00:02:18,235.06,66.208,11.5353
Mar/10/2014 00:02:19,227.68,50.829,8.9694
Mar/10/2014 00:02:19,236.64,60.79,9.412
Mar/10/2014 00:02:19,235.06,66.208,11.4445
Mar/10/2014 00:02:20,227.68,50.696,9.0205
Mar/10/2014 00:02:20,236.64,59.655,9.3458
Mar/10/2014 00:02:20,235.06,67.028,11.3054
Mar/10/2014 00:02:21,228.72,50.696,8.9785
Mar/10/2014 00:02:21,234.7,59.655,9.5205
Mar/10/2014 00:02:21,236.03,67.028,11.1672
Mar/10/2014 00:02:22,228.72,50.696,8.9487
Mar/10/2014 00:02:22,234.7,59.655,9.2704
Mar/10/2014 00:02:22,236.03,67.028,11.4072
Mar/10/2014 00:02:22,228.72,50.696,9.0352
Mar/10/2014 00:02:22,234.7,59.655,9.3469
Mar/10/2014 00:02:22,236.03,67.057,11.3082
Mar/10/2014 00:02:23,228.29,50.621,8.8104
Mar/10/2014 00:02:23,234.52,59.121,9.3832
Mar/10/2014 00:02:23,235.93,67.057,11.569
Mar/10/2014 00:02:24,228.29,50.621,8.8794
Mar/10/2014 00:02:24,234.52,59.121,9.4241
Mar/10/2014 00:02:24,235.93,67.057,11.5795
Mar/10/2014 00:02:25,228.29,50.621,8.9025
Mar/10/2014 00:02:25,234.52,59.121,9.4029
Mar/10/2014 00:02:25,235.93,67.057,11.6265
Mar/10/2014 00:02:26,228.29,50.648,8.9724
Mar/10/2014 00:02:26,234.52,58.864,9.3997
Mar/10/2014 00:02:26,235.06,67.006,11.5525
Mar/10/2014 00:02:27,229.13,50.648,9.4319
Mar/10/2014 00:02:27,235.39,58.864,9.5628
Mar/10/2014 00:02:27,235.06,67.006,11.7174
Mar/10/2014 00:02:28,229.13,50.648,9.1652
Mar/10/2014 00:02:28,235.39,58.864,9.4017
Mar/10/2014 00:02:28,235.06,67.006,11.6732
Mar/10/2014 00:02:29,229.13,51.992,9.3526
Mar/10/2014 00:02:29,235.39,58.499,9.4909
Mar/10/2014 00:02:29,235.06,66.826,11.3324
Mar/10/2014 00:02:30,226.91,51.992,9.254
Mar/10/2014 00:02:30,235.73,58.499,9.5044
Mar/10/2014 00:02:30,236.37,66.826,11.3775
Mar/10/2014 00:02:31,226.91,51.992,9.3168
Mar/10/2014 00:02:31,235.73,58.499,9.537
Mar/10/2014 00:02:31,236.37,66.826,11.3163
Mar/10/2014 00:02:31,226.91,51.992,9.2565
Mar/10/2014 00:02:31,235.73,58.884,9.5268
Mar/10/2014 00:02:31,236.37,66.625,11.4864
Mar/10/2014 00:02:32,228.51,52.679,9.3162
Mar/10/2014 00:02:32,234.88,58.884,9.4153
Mar/10/2014 00:02:32,235.94,66.625,11.5857
Mar/10/2014 00:02:33,228.51,52.679,9.1868
Mar/10/2014 00:02:33,234.88,58.884,9.5284
Mar/10/2014 00:02:33,235.94,66.625,11.5452
Mar/10/2014 00:02:34,228.51,52.679,9.2416
Mar/10/2014 00:02:34,234.88,58.884,9.4853
Mar/10/2014 00:02:34,235.94,66.625,11.442
Mar/10/2014 00:02:35,228.51,52.678,9.2875
Mar/10/2014 00:02:35,234.88,59.042,9.5893
Mar/10/2014 00:02:35,236.0,65.835,11.4641
Mar/10/2014 00:02:36,228.72,52.678,9.2398
Mar/10/2014 00:02:36,234.75,59.042,9.534
Mar/10/2014 00:02:36,236.0,65.835,11.4161
Mar/10/2014 00:02:37,228.72,52.678,9.3348
Mar/10/2014 00:02:37,234.75,59.042,9.4611
Mar/10/2014 00:02:37,236.0,65.835,11.4811
Mar/10/2014 00:02:38,228.72,52.439,9.2789
Mar/10/2014 00:02:38,234.75,59.118,9.4271
Mar/10/2014 00:02:38,236.0,65.735,11.083
Mar/10/2014 00:02:39,228.17,52.439,9.2936
Mar/10/2014 00:02:39,234.45,59.118,9.5763
Mar/10/2014 00:02:39,235.77,65.735,11.0972
Mar/10/2014 00:02:40,228.17,52.439,9.2024
Mar/10/2014 00:02:40,234.45,59.118,9.4851
Mar/10/2014 00:02:40,235.77,65.735,11.1508
Mar/10/2014 00:02:40,228.17,52.439,9.398
Mar/10/2014 00:02:40,234.45,59.088,9.4684
Mar/10/2014 00:02:40,235.77,65.717,11.3664
Mar/10/2014 00:02:41,228.4,52.198,9.2881
Mar/10/2014 00:02:41,234.84,59.088,9.4266
Mar/10/2014 00:02:41,236.14,65.717,11.5425
Mar/10/2014 00:02:42,228.4,52.198,9.3631
Mar/10/2014 00:02:42,234.84,59.088,9.5018
Mar/10/2014 00:02:42,236.14,65.717,11.3489
Mar/10/2014 00:02:43,228.4,52.198,9.2596
Mar/10/2014 00:02:43,234.84,59.088,10.6883
Mar/10/2014 00:02:43,236.14,65.717,11.3935
Mar/10/2014 00:02:44,228.4,52.219,9.4074
Mar/10/2014 00:02:44,234.84,63.83,9.463
Mar/10/2014 00:02:44,236.09,65.999,11.4173
Mar/10/2014 00:02:45,228.4,52.219,9.3648
Mar/10/2014 00:02:45,234.52,63.83,9.579
Mar/10/2014 00:02:45,236.09,65.999,11.4823
Mar/10/2014 00:02:46,228.4,52.219,9.3265
Mar/10/2014 00:02:46,234.52,63.83,9.5271
Mar/10/2014 00:02:46,236.09,65.999,11.3327
Mar/10/2014 00:02:47,228.4,52.057,9.3288
Mar/10/2014 00:02:47,234.52,59.564,9.5908
Mar/10/2014 00:02:47,236.09,66.061,11.1989
Mar/10/2014 00:02:48,228.52,52.057,9.4471
Mar/10/2014 00:02:48,234.57,59.564,9.4435
Mar/10/2014 00:02:48,235.84,66.061,11.1568
Mar/10/2014 00:02:49,228.52,52.057,9.4069
Mar/10/2014 00:02:49,234.57,59.564,9.4649
Mar/10/2014 00:02:49,235.84,66.061,11.1686
Mar/10/2014 00:02:49,228.52,52.057,9.3489
Mar/10/2014 00:02:49,234.57,59.401,9.5046
Mar/10/2014 00:02:49,235.84,66.217,11.3162
Mar/10/2014 00:02:50,228.51,52.117,9.36
Mar/10/2014 00:02:50,234.66,59.401,9.4666
Mar/10/2014 00:02:50,235.91,66.217,11.3824
Mar/10/2014 00:02:51,228.51,52.117,9.3583
Mar/10/2014 00:02:51,234.66,59.401,9.3666
Mar/10/2014 00:02:51,235.91,66.217,11.4695
Mar/10/2014 00:02:52,228.51,52.117,9.4499
Mar/10/2014 00:02:52,234.66,59.401,9.4273
Mar/10/2014 00:02:52,235.91,66.217,11.3951
Mar/10/2014 00:02:53,228.51,52.201,9.3895
Mar/10/2014 00:02:53,234.66,58.83,9.3499
Mar/10/2014 00:02:53,235.87,66.382,11.5073
Mar/10/2014 00:02:54,228.69,52.201,9.4596
Mar/10/2014 00:02:54,234.43,58.83,9.4166
Mar/10/2014 00:02:54,235.87,66.382,11.3691
Mar/10/2014 00:02:55,228.69,52.201,9.4646
Mar/10/2014 00:02:55,234.43,58.83,9.4225
Mar/10/2014 00:02:55,235.87,66.382,11.3649
Mar/10/2014 00:02:56,228.69,52.614,9.3471
Mar/10/2014 00:02:56,234.43,59.146,9.324
Mar/10/2014 00:02:56,235.87,66.408,11.231
Mar/10/2014 00:02:57,228.47,52.614,9.4175
Mar/10/2014 00:02:57,234.27,59.146,9.3989
Mar/10/2014 00:02:57,235.63,66.408,11.2266
Mar/10/2014 00:02:58,228.47,52.614,9.3736
Mar/10/2014 00:02:58,234.27,59.146,9.3751
Mar/10/2014 00:02:58,235.63,66.408,11.1236
Mar/10/2014 00:02:58,228.47,52.614,9.453
Mar/10/2014 00:02:58,234.27,58.926,9.4971
Mar/10/2014 00:02:58,235.63,65.848,11.4707
Mar/10/2014 00:02:59,228.76,52.49,9.3097
Mar/10/2014 00:02:59,234.36,58.926,9.2811
Mar/10/2014 00:02:59,235.94,65.848,11.5134
Mar/10/2014 00:03:00,228.76,52.49,9.3397
Mar/10/2014 00:03:00,234.36,58.926,9.4418
Mar/10/2014 00:03:00,235.94,65.848,11.5612
Mar/10/2014 00:03:01,228.76,52.49,9.311
Mar/10/2014 00:03:01,234.36,58.926,9.3681
Mar/10/2014 00:03:01,235.94,65.848,11.5019
Mar/10/2014 00:03:02,228.76,52.658,9.4104
Mar/10/2014 00:03:02,234.5,59.166,9.3494
Mar/10/2014 00:03:02,236.02,65.612,11.5264
Mar/10/2014 00:03:03,228.74,52.658,9.2299
Mar/10/2014 00:03:03,234.5,59.166,9.4592
Mar/10/2014 00:03:03,236.02,65.612,11.5913
Mar/10/2014 00:03:04,228.74,52.658,9.3156
Mar/10/2014 00:03:04,234.5,59.166,9.2841
Mar/10/2014 00:03:04,236.02,65.612,11.3072
Mar/10/2014 00:03:05,228.74,52.505,9.3015
Mar/10/2014 00:03:05,234.5,59.376,9.4782
Mar/10/2014 00:03:05,236.02,65.432,11.2964
Mar/10/2014 00:03:06,228.65,52.505,9.3091
Mar/10/2014 00:03:06,234.56,59.376,9.3529
Mar/10/2014 00:03:06,235.91,65.432,11.1841
Mar/10/2014 00:03:07,228.65,52.505,9.2258
Mar/10/2014 00:03:07,234.56,59.376,9.4544
Mar/10/2014 00:03:07,235.91,65.432,11.2215
Mar/10/2014 00:03:07,228.65,52.505,9.2443
Mar/10/2014 00:03:07,234.56,59.367,9.4221
Mar/10/2014 00:03:07,235.91,65.769,11.2764
Mar/10/2014 00:03:08,228.76,52.339,9.2877
Mar/10/2014 00:03:08,234.8,59.367,9.4706
Mar/10/2014 00:03:08,236.02,65.769,11.4422
Mar/10/2014 00:03:09,228.76,52.339,9.2585
Mar/10/2014 00:03:09,234.8,59.367,9.4434
Mar/10/2014 00:03:09,236.02,65.769,11.4066
Mar/10/2014 00:03:10,228.76,52.339,9.3199
Mar/10/2014 00:03:10,234.8,59.367,9.438
Mar/10/2014 00:03:10,236.02,65.769,11.4671
Mar/10/2014 00:03:11,228.76,52.116,9.2555
Mar/10/2014 00:03:11,234.68,59.235,9.3997
Mar/10/2014 00:03:11,235.98,66.03,11.3354
Mar/10/2014 00:03:12,228.97,52.116,9.3439
Mar/10/2014 00:03:12,234.68,59.235,9.6031
Mar/10/2014 00:03:12,235.98,66.03,11.3821
Mar/10/2014 00:03:13,228.97,52.116,9.2934
Mar/10/2014 00:03:13,234.68,59.235,9.5082
Mar/10/2014 00:03:13,235.98,66.03,11.5309
Mar/10/2014 00:03:14,228.97,52.062,9.4334
Mar/10/2014 00:03:14,234.68,59.121,9.3688
Mar/10/2014 00:03:14,235.98,66.312,11.1342
Mar/10/2014 00:03:15,228.9,52.062,9.3519
Mar/10/2014 00:03:15,234.96,59.121,9.4905
Mar/10/2014 00:03:15,236.07,66.312,11.1575
Mar/10/2014 00:03:16,228.9,52.062,9.4558
Mar/10/2014 00:03:16,234.96,59.121,9.3755
Mar/10/2014 00:03:16,236.07,66.312,11.0763
Mar/10/2014 00:03:16,228.9,52.062,9.3919
Mar/10/2014 00:03:16,234.96,59.122,9.509
Mar/10/2014 00:03:16,236.07,66.569,11.0715
Mar/10/2014 00:03:17,228.99,52.412,9.3882
Mar/10/2014 00:03:17,234.89,59.122,9.3181
Mar/10/2014 00:03:17,235.93,66.569,11.3466
Mar/10/2014 00:03:18,228.99,52.412,9.4147
Mar/10/2014 00:03:18,234.89,59.122,9.4116
Mar/10/2014 00:03:18,235.93,66.569,11.4255
Mar/10/2014 00:03:19,228.99,52.412,9.4119
Mar/10/2014 00:03:19,234.89,59.122,9.3534
Mar/10/2014 00:03:19,235.93,66.569,11.389
Mar/10/2014 00:03:20,228.99,52.359,9.4039
Mar/10/2014 00:03:20,234.89,59.152,9.3556
Mar/10/2014 00:03:20,236.19,66.09,11.3363
Mar/10/2014 00:03:21,228.74,52.359,9.3577
Mar/10/2014 00:03:21,234.89,59.152,9.3538
Mar/10/2014 00:03:21,236.19,66.09,11.4841
Mar/10/2014 00:03:22,228.74,52.359,9.4395
Mar/10/2014 00:03:22,234.89,59.152,9.2661
Mar/10/2014 00:03:22,236.19,66.09,11.4546
Mar/10/2014 00:03:23,228.74,52.808,9.3239
Mar/10/2014 00:03:23,234.89,59.361,9.3124
Mar/10/2014 00:03:23,236.19,65.957,11.2303
Mar/10/2014 00:03:24,228.45,52.808,9.3786
Mar/10/2014 00:03:24,234.73,59.361,9.2828
Mar/10/2014 00:03:24,236.16,65.957,11.1529
Mar/10/2014 00:03:25,228.45,52.808,9.3183
Mar/10/2014 00:03:25,234.73,59.361,9.2936
Mar/10/2014 00:03:25,236.16,65.957,11.287
Mar/10/2014 00:03:25,228.45,52.808,9.4089
Mar/10/2014 00:03:25,234.73,59.251,9.3027
Mar/10/2014 00:03:25,236.16,65.73,11.2145
Mar/10/2014 00:03:26,228.81,52.71,9.4505
Mar/10/2014 00:03:26,234.98,59.251,9.4157
Mar/10/2014 00:03:26,236.34,65.73,11.4307
Mar/10/2014 00:03:27,228.81,52.71,9.2841
Mar/10/2014 00:03:27,234.98,59.251,9.3516
Mar/10/2014 00:03:27,236.34,65.73,11.568
Mar/10/2014 00:03:28,228.81,52.71,9.3855
Mar/10/2014 00:03:28,234.98,59.251,9.426
Mar/10/2014 00:03:28,236.34,65.73,11.4921
Mar/10/2014 00:03:29,228.81,52.521,9.2772
Mar/10/2014 00:03:29,235.07,59.644,9.9098
Mar/10/2014 00:03:29,236.28,65.908,11.4912
Mar/10/2014 00:03:30,228.83,52.521,9.2861
Mar/10/2014 00:03:30,235.07,59.644,10.0111
Mar/10/2014 00:03:30,236.28,65.908,11.5235
Mar/10/2014 00:03:31,228.83,52.521,9.2203
Mar/10/2014 00:03:31,235.07,59.644,9.8938
Mar/10/2014 00:03:31,236.28,65.908,11.56
Mar/10/2014 00:03:32,228.83,52.229,9.3131
Mar/10/2014 00:03:32,235.07,62.568,10.0246
Mar/10/2014 00:03:32,236.28,65.907,11.1991
Mar/10/2014 00:03:33,228.69,52.229,9.2981
Mar/10/2014 00:03:33,234.75,62.568,9.9518
Mar/10/2014 00:03:33,236.42,65.907,11.2335
Mar/10/2014 00:03:34,228.69,52.229,9.2174
Mar/10/2014 00:03:34,234.75,62.568,9.8947
Mar/10/2014 00:03:34,236.42,65.907,11.2059
Mar/10/2014 00:03:34,228.69,51.969,9.2304
Mar/10/2014 00:03:34,234.75,62.099,10.0233
Mar/10/2014 00:03:34,236.42,66.226,11.2641
Mar/10/2014 00:03:35,228.74,51.969,9.2867
Mar/10/2014 00:03:35,234.75,62.099,9.9343
Mar/10/2014 00:03:35,236.35,66.226,11.3081
Mar/10/2014 00:03:36,228.74,51.969,9.2935
Mar/10/2014 00:03:36,234.75,62.099,9.9796
Mar/10/2014 00:03:36,236.35,66.226,11.4704
Mar/10/2014 00:03:37,228.74,51.969,9.1693
Mar/10/2014 00:03:37,234.75,62.099,9.7829
Mar/10/2014 00:03:37,236.35,66.226,11.3794
Mar/10/2014 00:03:38,228.74,51.819,9.3877
Mar/10/2014 00:03:38,235.11,61.639,9.853
Mar/10/2014 00:03:38,236.25,66.449,11.4056
Mar/10/2014 00:03:39,228.56,51.819,9.291
Mar/10/2014 00:03:39,235.11,61.639,9.772
Mar/10/2014 00:03:39,236.25,66.449,11.471
Mar/10/2014 00:03:40,228.56,51.819,9.3791
Mar/10/2014 00:03:40,235.11,61.639,9.8238
Mar/10/2014 00:03:40,236.25,66.449,11.3635
Mar/10/2014 00:03:41,228.56,52.391,9.32
Mar/10/2014 00:03:41,235.11,61.384,9.8967
Mar/10/2014 00:03:41,236.25,66.33,11.1709
Mar/10/2014 00:03:42,228.09,52.391,9.4149
Mar/10/2014 00:03:42,235.09,61.384,9.7614
Mar/10/2014 00:03:42,236.07,66.33,11.1341
Mar/10/2014 00:03:43,228.09,52.391,9.377
Mar/10/2014 00:03:43,235.09,61.384,9.886
Mar/10/2014 00:03:43,236.07,66.33,11.189
Mar/10/2014 00:03:43,228.09,52.661,9.3812
Mar/10/2014 00:03:43,235.09,61.361,9.7363
Mar/10/2014 00:03:43,236.07,65.967,11.1735
Mar/10/2014 00:03:44,228.49,52.661,9.4227
Mar/10/2014 00:03:44,235.16,61.361,9.781
Mar/10/2014 00:03:44,236.21,65.967,11.4196
Mar/10/2014 00:03:45,228.49,52.661,9.3745
Mar/10/2014 00:03:45,235.16,61.361,9.7304
Mar/10/2014 00:03:45,236.21,65.967,11.3978
Mar/10/2014 00:03:46,228.49,52.661,9.3827
Mar/10/2014 00:03:46,235.16,61.361,9.7923
Mar/10/2014 00:03:46,236.21,65.967,11.5556
Mar/10/2014 00:03:47,228.49,52.615,9.4379
Mar/10/2014 00:03:47,235.11,61.466,9.6584
Mar/10/2014 00:03:47,236.18,65.832,11.4471
